"Name","TeamAbbreviation","GamesPlayed","Minutes","Fouls","ShootingFouls","Loose Ball Fouls","Loose Ball Fouls Drawn","Offensive Fouls","Charge Fouls","Offensive Fouls Drawn","Charge Fouls Drawn","BlockingFouls","BlockingFoulsDrawn","Clear Path Fouls","Transition Take Fouls","Transition Take Fouls Drawn","Defensive 3 Seconds Violations","FoulsDrawn"
"James Harden","HOU",82,3125,229,94,9,13,20,20,14,3,4,36,1,0,0,3,554
"Gordon Hayward","UTA",80,2893,183,69,7,1,19,14,16,0,5,18,1,0,0,1,376
"Kemba Walker","CHA",81,2885,111,58,1,7,1,2,29,19,4,10,0,0,0,1,345
"Trevor Ariza","HOU",81,2859,177,56,11,11,4,5,5,4,5,4,0,0,0,0,114
"Marcus Morris","DET",80,2856,170,75,13,10,11,4,13,6,4,3,0,0,0,0,260
"Khris Middleton","MIL",79,2852,204,83,4,11,17,7,6,5,5,12,0,0,0,2,249
"Kyle Lowry","TOR",77,2851,211,87,14,16,10,10,29,5,9,34,0,0,0,2,433
"Andrew Wiggins","MIN",81,2845,165,75,4,9,7,14,7,1,6,16,0,0,0,1,394
"Giannis Antetokounmpo","MIL",80,2823,258,112,16,11,21,10,8,1,10,19,0,0,0,10,330
"Paul George","IND",81,2819,230,87,18,13,14,16,22,13,14,34,1,0,0,0,432
"Draymond Green","GSW",81,2808,240,118,23,25,14,5,17,9,6,8,1,0,0,2,309
"DeMar DeRozan","TOR",78,2804,167,56,12,3,9,8,8,1,10,23,1,0,0,4,432
"Kentavious Caldwell-Pope","DET",76,2789,167,75,1,2,5,4,21,3,4,3,0,0,0,0,188
"John Wall","WAS",77,2784,159,74,2,2,7,8,7,7,3,20,2,0,0,1,292
"CJ McCollum","POR",80,2780,187,86,5,3,12,6,7,1,3,10,0,0,0,1,206
"Russell Westbrook","OKC",80,2750,200,51,9,4,12,16,17,4,3,27,1,0,0,1,434
"Monta Ellis","IND",81,2734,174,82,8,1,5,7,12,15,12,21,0,0,0,0,194
"LeBron James","CLE",76,2709,143,48,9,7,25,6,13,5,2,15,0,0,0,0,411
"Joe Johnson","MIA",81,2704,146,48,6,5,14,1,4,0,1,1,0,0,0,0,137
"Stephen Curry","GSW",79,2700,161,78,3,4,4,2,19,7,4,5,0,0,0,0,356
"Damian Lillard","POR",75,2676,165,83,2,6,4,2,27,13,9,20,0,0,0,0,383
"Klay Thompson","GSW",80,2666,152,84,6,5,14,1,1,0,3,4,0,0,0,1,167
"Andre Drummond","DET",81,2666,245,124,38,28,25,5,3,2,5,2,0,0,0,11,404
"Paul Millsap","ATL",81,2647,237,120,21,20,14,11,10,5,7,7,0,0,0,3,360
"Isaiah Thomas","BOS",82,2644,167,47,12,6,7,9,22,7,5,42,0,0,0,0,452
"Wesley Matthews","DAL",78,2644,179,75,4,5,6,0,19,4,24,20,0,0,0,2,150
"Al Horford","ATL",82,2631,163,88,17,7,12,3,1,1,1,2,0,0,0,9,118
"Karl-Anthony Towns","MIN",82,2627,245,119,24,11,30,13,15,1,2,10,0,0,0,4,244
"DeAndre Jordan","LAC",77,2598,207,122,13,60,19,1,8,1,3,5,1,0,0,9,464
"Kevin Durant","OKC",72,2578,137,74,4,8,10,6,6,0,6,15,0,0,0,0,326
"Evan Fournier","ORL",79,2566,214,86,6,7,5,7,17,3,10,9,0,0,0,2,213
"Jordan Clarkson","LAL",79,2552,168,71,10,8,7,10,13,0,6,7,0,0,0,0,185
"Rodney Hood","UTA",79,2541,202,107,10,4,8,7,6,5,9,6,3,0,0,4,162
"PJ Tucker","PHX",82,2540,202,79,10,17,10,3,14,7,17,11,0,0,0,0,154
"Rajon Rondo","SAC",72,2537,175,51,9,5,7,2,12,7,4,7,1,0,0,2,153
"Avery Bradley","BOS",76,2536,164,68,2,6,5,1,10,1,9,6,1,0,0,1,100
"Carmelo Anthony","NYK",72,2530,180,73,10,8,24,5,6,1,2,9,0,0,0,2,316
"George Hill","IND",74,2524,149,58,7,8,7,5,17,9,6,9,0,0,0,0,195
"Tobias Harris","DET",76,2513,153,77,3,11,10,11,7,0,3,7,0,0,0,3,189
"Serge Ibaka","OKC",78,2500,211,125,20,18,18,0,4,0,2,1,1,0,0,5,101
"Jimmy Butler","CHI",67,2474,124,66,3,8,8,9,5,7,7,11,0,0,0,0,368
"Brook Lopez","BKN",73,2457,215,103,21,18,34,7,6,0,2,0,0,0,0,12,333
"Nicolas Batum","CHA",70,2448,114,46,9,5,14,3,4,2,1,1,0,0,0,1,149
"Gary Harris","DEN",76,2439,143,51,7,3,5,4,4,1,2,8,1,0,0,1,100
"Kevin Love","CLE",77,2425,159,77,22,16,11,6,12,10,9,6,0,0,0,0,280
"Reggie Jackson","DET",79,2424,187,75,5,1,15,6,18,5,4,9,0,0,0,0,266
"Chris Paul","LAC",74,2420,185,54,12,5,10,4,15,4,3,15,1,0,0,0,295
"Jabari Parker","MIL",76,2408,154,73,6,5,5,4,5,0,3,14,0,0,0,4,171
"Thaddeus Young","BKN",73,2408,182,77,15,6,7,8,10,14,10,5,0,0,0,1,157
"Kyle Korver","ATL",80,2401,161,105,3,4,10,0,4,5,5,0,0,0,0,0,66
"Luol Deng","MIA",74,2394,122,59,5,7,7,2,6,10,7,3,0,0,0,1,165
"Kawhi Leonard","SAS",72,2380,133,50,8,11,13,2,11,0,4,10,0,0,0,1,281
"Victor Oladipo","ORL",72,2379,174,85,3,4,5,3,10,11,9,5,0,0,0,3,206
"Rudy Gay","SAC",70,2379,184,98,3,9,6,5,6,6,8,7,0,0,0,3,212
"Arron Afflalo","NYK",71,2371,142,53,15,3,11,2,4,0,3,2,0,0,0,0,123
"Dirk Nowitzki","DAL",75,2364,161,104,6,22,7,2,10,3,5,17,0,0,0,8,302
"Goran Dragic","MIA",72,2363,188,77,4,4,6,11,15,8,10,14,0,0,0,0,184
"JR Smith","CLE",77,2362,204,100,4,8,8,0,14,2,5,1,1,0,0,0,97
"Will Barton","DEN",82,2353,147,54,8,3,5,8,11,1,2,9,0,0,0,2,203
"Al-Farouq Aminu","POR",82,2341,171,70,6,1,8,8,15,1,6,4,1,0,0,0,139
"Marvin Williams","CHA",81,2338,133,54,9,16,17,3,12,1,6,4,0,0,0,3,129
"Courtney Lee","CHA",79,2334,134,69,3,0,1,3,6,2,3,1,0,0,0,1,74
"Ricky Rubio","MIN",76,2323,201,66,3,6,3,1,42,9,4,9,0,0,0,0,262
"Greg Monroe","MIL",79,2314,163,94,9,13,10,2,11,10,11,5,1,0,0,3,252
"Jae Crowder","BOS",73,2308,198,96,12,8,8,7,9,8,12,13,0,0,0,2,182
"Zach LaVine","MIN",82,2293,193,93,2,1,2,9,5,1,3,12,1,0,0,1,153
"Pau Gasol","CHI",72,2292,148,93,7,30,5,2,4,3,3,1,0,0,0,3,261
"Julius Randle","LAL",81,2286,242,101,32,17,14,13,4,2,7,10,0,0,0,2,211
"Dwight Howard","HOU",71,2280,219,93,26,40,37,2,1,0,6,1,0,0,0,14,384
"Otto Porter Jr.","WAS",75,2276,163,81,3,11,6,3,12,3,4,10,0,0,0,0,115
"Evan Turner","BOS",81,2271,139,72,13,5,6,1,8,0,8,3,0,0,0,0,159
"Tristan Thompson","CLE",82,2269,202,99,29,51,14,3,3,0,3,3,0,0,0,3,223
"LaMarcus Aldridge","SAS",74,2261,151,92,8,10,8,4,5,1,3,4,0,0,0,4,240
"D'Angelo Russell","LAL",80,2259,142,66,3,3,11,2,10,0,3,8,1,0,0,0,174
"Dwyane Wade","MIA",74,2258,116,60,11,4,4,7,6,1,1,11,0,0,0,0,274
"Marcin Gortat","WAS",75,2256,193,86,28,44,29,1,15,9,5,1,1,0,0,9,213
"Jeff Teague","ATL",79,2255,167,75,2,2,5,15,8,2,4,15,1,0,0,0,249
"Jeff Green","LAC",80,2253,164,79,17,11,6,6,5,3,2,4,0,0,0,5,182
"DeMarcus Cousins","SAC",65,2246,236,100,27,35,28,16,13,29,13,16,0,0,0,4,575
"Ish Smith","PHI",77,2239,133,67,4,3,2,1,10,4,4,11,0,0,0,0,170
"Justise Winslow","MIA",78,2232,184,89,12,9,4,8,8,3,4,5,0,0,0,2,92
"Gorgui Dieng","MIN",82,2220,219,98,20,12,28,3,10,8,5,4,0,0,0,1,208
"Robin Lopez","NYK",82,2219,182,111,10,17,23,1,6,0,0,1,0,0,0,9,140
"Darren Collison","SAC",74,2219,142,51,3,0,6,6,9,7,9,7,1,0,0,1,168
"Raymond Felton","DAL",80,2192,141,62,5,2,3,6,11,3,6,23,0,0,0,0,154
"Matt Barnes","MEM",76,2190,234,135,8,11,7,3,5,0,1,3,1,0,0,2,103
"Anthony Davis","NOP",61,2164,148,81,13,31,12,6,6,3,6,3,1,0,0,1,358
"Hollis Thompson","PHI",77,2154,187,95,15,3,4,7,2,4,2,2,2,0,0,3,88
"Dion Waiters","OKC",78,2152,143,51,1,4,6,1,13,0,5,6,0,0,0,0,127
"Elfrid Payton","ORL",73,2145,159,55,5,4,7,5,7,2,2,3,0,0,0,0,168
"Jamal Crawford","LAC",79,2126,122,41,5,6,4,3,8,2,4,6,1,0,0,0,220
"Hassan Whiteside","MIA",73,2126,201,103,27,31,28,1,3,2,8,3,0,0,0,12,275
"Bojan Bogdanovic","BKN",79,2115,119,46,1,5,6,2,5,1,1,2,0,0,0,1,114
"Devin Booker","PHX",76,2108,225,102,5,5,10,7,14,2,7,18,2,0,0,0,243
"Deron Williams","DAL",65,2106,155,82,2,3,3,2,14,11,13,24,1,0,0,1,177
"Allen Crabbe","POR",81,2105,192,98,2,6,5,3,3,0,2,3,0,0,0,0,82
"Jared Dudley","WAS",81,2098,190,90,7,14,3,1,15,6,14,2,0,0,0,3,107
"Derrick Rose","CHI",66,2098,84,43,2,0,1,5,9,7,6,3,0,0,0,0,153
"JJ Redick","LAC",75,2097,135,64,10,7,3,0,19,6,5,2,0,0,0,0,193
"Mason Plumlee","POR",82,2084,253,126,25,27,18,11,8,5,15,4,0,0,0,6,272
"Kent Bazemore","ATL",75,2083,176,74,9,5,1,13,18,11,5,11,0,0,0,2,172
"Emmanuel Mudiay","DEN",68,2068,141,71,6,4,7,7,3,1,5,10,0,0,0,1,156
"Jerami Grant","PHI",77,2066,215,112,8,11,14,16,20,19,27,6,0,0,0,0,284
"Danny Green","SAS",79,2061,141,79,6,5,3,2,10,5,5,1,0,0,0,1,63
"Jeremy Lin","CHA",78,2048,165,67,10,12,10,7,25,11,2,6,0,0,0,0,310
"Kristaps Porzingis","NYK",72,2046,205,115,16,25,18,1,6,2,7,3,0,0,0,6,224
"Cory Joseph","TOR",80,2046,131,67,5,6,7,4,10,1,3,13,1,0,0,0,160
"Harrison Barnes","GSW",66,2041,136,70,14,11,4,2,5,0,0,1,0,0,0,0,132
"Patrick Beverley","HOU",71,2041,234,73,7,5,3,3,25,3,12,8,0,0,0,0,99
"Nikola Vucevic","ORL",65,2037,173,123,6,13,10,2,3,0,2,2,1,0,0,14,158
"Langston Galloway","NYK",82,2033,177,67,4,3,3,2,5,1,2,2,0,0,0,0,86
"Jose Calderon","NYK",72,2024,135,68,2,2,1,0,15,4,5,3,0,0,0,0,76
"Patrick Patterson","TOR",79,2020,128,58,7,14,9,2,8,2,7,2,0,0,0,4,54
"Zach Randolph","MEM",68,2017,146,56,28,25,8,1,5,0,0,2,0,0,0,4,189
"Steven Adams","OKC",80,2015,223,110,38,43,17,5,7,0,7,1,0,0,0,2,189
"Ryan Anderson","NOP",66,2008,109,50,11,14,8,3,8,14,10,3,1,0,0,0,193
"Zaza Pachulia","DAL",76,2004,181,50,29,49,24,3,10,3,7,11,0,0,0,4,258
"Derrick Favors","UTA",62,1983,150,73,9,12,14,4,3,1,2,4,0,0,0,3,200
"Tony Parker","SAS",72,1981,114,47,1,4,2,2,7,1,3,4,1,0,0,0,147
"Dante Cunningham","NOP",80,1971,173,98,9,7,2,3,7,2,7,2,0,0,0,1,63
"Isaiah Canaan","PHI",77,1966,133,56,3,1,5,2,18,3,9,9,0,0,0,0,131
"Nerlens Noel","PHI",67,1965,192,100,16,24,7,5,9,7,8,4,0,0,0,0,195
"Garrett Temple","WAS",80,1951,195,99,8,10,6,2,21,6,4,10,0,0,0,1,135
"Taj Gibson","CHI",73,1936,180,83,22,14,17,2,4,3,2,2,0,0,0,6,161
"Rudy Gobert","UTA",61,1932,163,79,22,37,14,5,4,0,3,3,0,0,0,6,238
"Jared Sullinger","BOS",81,1915,209,116,13,27,18,8,9,7,10,1,0,0,0,4,162
"Lou Williams","LAL",67,1907,107,62,3,1,4,0,9,1,3,11,0,0,0,0,258
"Robert Covington","PHI",67,1903,232,105,6,6,9,8,8,3,6,10,2,0,0,2,132
"Ersan Ilyasova","ORL",74,1880,171,86,21,14,7,2,22,35,17,2,0,0,0,3,177
"Omri Casspi","SAC",69,1880,154,68,7,5,7,1,8,2,1,7,1,0,0,1,136
"Roy Hibbert","LAL",81,1878,252,174,15,33,23,0,5,0,4,1,1,0,0,5,149
"Brandon Knight","PHX",52,1870,124,51,3,7,4,4,12,5,6,19,0,0,0,1,204
"Matthew Dellavedova","CLE",76,1867,178,58,7,3,8,1,11,8,5,0,1,0,0,0,89
"Kobe Bryant","LAL",66,1863,115,45,4,2,2,1,2,0,2,3,0,0,0,0,174
"Aaron Gordon","ORL",78,1863,153,65,11,11,7,9,3,6,4,5,0,0,0,1,146
"Doug McDermott","CHI",81,1860,127,66,8,2,3,5,5,1,2,2,0,0,0,1,66
"Danilo Gallinari","DEN",53,1839,87,37,9,12,6,2,14,11,6,29,0,0,0,1,333
"Jrue Holiday","NOP",65,1831,148,64,5,2,1,3,15,2,9,12,0,0,0,0,184
"Alex Len","PHX",78,1821,230,118,24,7,28,3,2,0,9,4,0,0,0,13,175
"Ian Mahinmi","IND",71,1816,220,111,13,13,20,4,5,1,14,5,0,0,0,1,173
"Nik Stauskas","PHI",73,1809,115,85,2,0,0,1,6,3,3,2,0,0,0,1,98
"Bismack Biyombo","TOR",82,1808,225,120,20,48,25,3,5,0,6,2,0,0,0,12,181
"Amir Johnson","BOS",79,1800,214,94,21,21,16,3,8,3,11,1,0,0,0,9,116
"Chandler Parsons","DAL",61,1799,114,55,7,3,4,4,13,4,8,9,0,0,0,2,131
"Marc Gasol","MEM",52,1791,141,67,17,13,19,3,7,10,4,3,0,0,0,5,230
"Chris Bosh","MIA",53,1778,101,57,7,10,4,1,3,4,4,5,0,0,0,5,205
"Cody Zeller","CHA",73,1774,204,98,23,24,19,2,9,3,12,2,0,0,0,2,184
"Mike Conley","MEM",56,1761,100,49,3,2,2,2,17,6,7,5,0,0,0,1,184
"Thabo Sefolosha","ATL",75,1758,109,42,9,9,2,3,6,1,2,5,0,0,0,1,85
"Shane Larkin","BKN",78,1751,121,61,2,1,0,3,16,2,3,6,0,0,0,0,123
"Terrence Ross","TOR",73,1747,120,54,2,0,1,2,4,0,3,6,0,0,0,2,46
"Nikola Jokic","DEN",80,1733,208,94,24,26,13,2,9,3,2,5,0,0,0,4,196
"Andre Iguodala","GSW",65,1732,102,67,2,11,4,0,10,0,0,1,0,0,0,1,89
"Enes Kanter","OKC",82,1721,166,96,12,36,26,8,1,0,10,2,0,0,0,1,207
"Bradley Beal","WAS",55,1708,117,55,1,3,6,4,8,4,3,3,0,0,0,0,137
"Frank Kaminsky","CHA",81,1708,126,72,9,11,13,3,2,2,2,2,0,0,0,1,109
"Kenneth Faried","DEN",67,1695,169,78,21,27,18,4,10,3,11,5,0,0,0,2,209
"Stanley Johnson","DET",73,1687,178,77,9,1,11,11,3,0,2,3,0,0,0,0,82
"Mirza Teletovic","PHX",79,1685,159,84,6,6,10,3,4,1,6,7,0,0,0,1,130
"Ed Davis","POR",81,1684,202,117,21,20,17,2,6,0,3,0,0,0,0,4,155
"Shabazz Muhammad","MIN",82,1682,94,52,4,6,3,7,6,0,0,3,0,0,0,1,183
"Marco Belinelli","SAC",68,1672,91,42,2,1,2,2,10,0,3,3,0,0,0,0,127
"Corey Brewer","HOU",82,1669,168,54,10,7,2,4,18,17,8,10,0,0,0,0,138
"Kyrie Irving","CLE",53,1667,107,39,3,1,4,3,6,5,3,4,0,0,0,0,152
"Ramon Sessions","WAS",82,1667,102,23,4,2,5,5,10,0,2,9,1,0,0,0,213
"J.J. Barea","DAL",74,1667,110,30,1,0,3,3,34,1,5,13,0,0,0,1,129
"Marcus Smart","BOS",61,1667,183,76,11,15,6,3,38,10,16,6,0,0,0,1,188
"Wesley Johnson","LAC",80,1666,173,100,8,5,2,2,2,3,6,1,0,0,0,2,41
"Patty Mills","SAS",81,1662,102,43,2,0,2,2,24,7,5,5,0,0,0,0,121
"Michael Carter-Williams","MIL",54,1649,162,68,11,2,8,0,22,3,11,9,0,0,0,0,175
"Nikola Mirotic","CHI",66,1646,151,90,2,11,9,5,1,2,3,6,0,0,0,0,136
"Randy Foye","OKC",81,1641,131,74,4,2,3,1,9,3,3,1,1,0,0,0,69
"Luis Scola","TOR",76,1636,178,84,11,12,7,3,6,19,14,1,1,0,0,1,106
"Trevor Booker","UTA",79,1632,169,63,26,8,17,3,4,2,2,1,0,0,0,1,83
"Alonzo Gee","NOP",73,1632,169,74,6,3,3,6,8,0,8,4,0,0,0,0,54
"Markieff Morris","WAS",64,1629,184,83,10,11,26,7,5,7,7,3,0,0,0,1,133
"Dennis Schroder","ATL",80,1621,138,51,4,3,9,4,7,14,5,8,1,0,0,0,177
"Tony Allen","MEM",64,1620,175,68,13,5,5,3,4,1,2,2,0,0,0,0,105
"Tyson Chandler","PHX",66,1618,145,70,16,21,20,0,4,3,4,2,0,0,0,8,155
"Wayne Ellington","BKN",76,1615,82,42,2,2,0,1,4,0,4,1,0,0,0,0,47
"T.J. McConnell","PHI",81,1606,114,59,1,3,2,0,10,2,4,3,1,0,0,0,74
"Lavoy Allen","IND",79,1599,147,95,7,8,7,4,3,0,6,3,0,0,0,1,72
"Jahlil Okafor","PHI",53,1591,140,73,11,2,14,13,2,0,2,8,0,0,0,5,163
"Jonas Valanciunas","TOR",60,1557,158,84,23,26,20,5,3,0,4,2,0,0,0,10,188
"Gerald Green","MIA",69,1557,123,61,1,1,6,3,3,1,1,2,0,0,0,1,79
"Andre Roberson","OKC",70,1553,133,77,3,2,0,0,6,0,6,2,1,0,0,0,44
"Tim Duncan","SAS",61,1537,125,70,12,12,11,0,4,3,1,2,1,0,0,6,112
"Shaun Livingston","GSW",78,1519,140,63,4,4,9,1,5,0,0,2,1,0,0,3,88
"Darrell Arthur","DEN",70,1516,185,109,7,1,11,1,5,2,13,1,1,0,0,4,52
"Jordan Hill","IND",73,1513,155,96,16,10,13,3,1,0,3,1,0,0,0,1,91
"Jerryd Bayless","MIL",52,1505,111,61,3,1,3,0,13,1,6,9,0,0,0,0,88
"Raul Neto","UTA",81,1499,122,49,4,1,1,0,17,3,8,1,1,0,0,0,108
"Kosta Koufos","SAC",78,1482,185,104,22,13,14,2,4,0,9,2,0,0,0,4,92
"Eric Gordon","NOP",45,1481,98,54,2,1,1,2,3,0,2,4,0,0,0,0,113
"Clint Capela","HOU",77,1471,190,103,20,4,8,5,1,9,21,3,0,0,0,7,147
"CJ Miles","IND",64,1464,142,78,4,5,8,4,5,13,11,3,0,0,0,0,106
"Austin Rivers","LAC",67,1463,137,50,3,1,1,0,6,3,6,3,1,0,0,0,96
"Tayshaun Prince","MIN",77,1461,62,38,1,1,1,1,10,0,4,0,0,0,0,0,28
"Maurice Harkless","POR",78,1457,124,78,1,1,6,2,2,0,2,2,0,0,0,0,74
"Andrew Bogut","GSW",70,1451,221,106,13,11,15,0,3,7,5,0,0,0,0,6,73
"JaMychal Green","MEM",78,1446,189,82,10,11,15,3,2,9,6,0,1,0,0,1,111
"Ben McLemore","SAC",68,1443,140,69,5,6,5,8,11,0,6,4,0,0,0,0,89
"Derrick Williams","NYK",80,1435,69,42,4,6,4,3,1,1,0,5,0,0,0,1,175
"Gerald Henderson","POR",72,1431,87,33,4,3,7,3,14,6,1,4,0,0,0,1,132
"Mario Hezonja","ORL",79,1413,124,61,4,2,6,6,3,1,3,2,0,0,0,2,56
"Willie Cauley-Stein","SAC",66,1411,146,88,4,11,4,1,4,0,14,2,0,0,0,1,89
"Ty Lawson","IND",66,1411,87,28,0,3,4,0,3,2,1,5,1,0,0,0,83
"David West","SAS",78,1404,142,74,18,13,12,1,3,0,0,0,0,0,0,8,96
"Kelly Olynyk","BOS",69,1395,163,81,16,8,9,6,8,6,10,4,0,0,0,8,118
"Boris Diaw","SAS",76,1386,102,50,5,6,5,2,7,0,4,2,0,0,0,2,89
"Trey Lyles","UTA",80,1382,114,62,5,5,9,1,5,0,4,1,0,0,0,7,77
"Mario Chalmers","MEM",61,1373,181,82,9,3,4,3,33,5,4,7,0,0,0,0,238
"Lance Stephenson","MEM",69,1372,135,50,9,1,3,7,7,0,2,3,1,0,0,0,93
"Myles Turner","IND",60,1367,158,92,6,10,19,5,4,2,6,3,0,0,0,1,122
"Trey Burke","UTA",64,1366,86,39,3,0,3,3,1,0,2,1,0,0,0,0,77
"Brandon Bass","LAL",66,1342,125,75,10,12,7,1,4,1,0,1,0,0,0,5,115
"Anthony Tolliver","DET",72,1341,86,50,3,8,5,1,8,13,6,0,1,0,0,1,56
"Meyers Leonard","POR",61,1332,183,114,7,7,16,1,5,1,1,0,0,0,0,0,60
"Timofey Mozgov","CLE",76,1326,159,102,7,11,12,1,2,3,4,1,0,0,0,3,116
"Richard Jefferson","CLE",74,1325,129,70,2,2,2,0,10,1,2,4,2,0,0,0,79
"Donald Sloan","BKN",61,1318,73,23,2,2,4,2,3,1,2,5,1,0,0,0,97
"Iman Shumpert","CLE",54,1316,119,51,2,4,6,2,10,0,1,6,0,0,0,0,60
"Lance Thomas","NYK",59,1313,109,48,3,6,3,2,15,0,1,1,1,0,0,0,108
"PJ Hairston","MEM",66,1313,137,74,4,2,5,4,9,6,3,2,1,0,0,3,65
"Tony Snell","CHI",64,1301,100,49,2,2,2,9,2,2,2,2,0,0,0,2,38
"Devin Harris","DAL",64,1280,124,64,4,1,2,1,18,12,10,11,0,0,0,2,141
"Rodney Stuckey","IND",58,1275,77,40,1,5,3,6,12,7,1,10,0,0,0,0,135
"Luc Mbah a Moute","LAC",74,1274,100,49,6,2,2,2,3,1,0,3,0,0,0,2,46
"Larry Nance Jr.","LAL",63,1266,124,64,13,6,9,0,1,3,5,1,0,0,0,1,57
"Jerian Grant","NYK",76,1265,97,41,5,1,5,0,14,0,1,3,0,0,0,0,112
"E'Twaun Moore","CHI",59,1263,103,44,3,2,3,1,3,1,0,0,2,0,0,0,41
"Toney Douglas","NOP",61,1262,131,53,3,3,5,2,7,0,6,3,0,0,0,0,96
"Jason Terry","HOU",72,1258,91,44,1,3,1,1,0,1,0,0,0,0,0,1,32
"Jon Leuer","PHX",67,1255,125,79,7,12,4,1,3,4,4,1,0,0,0,5,95
"Kyle Anderson","SAS",78,1245,97,43,3,1,3,4,9,1,6,5,0,0,0,0,80
"Joe Ingles","UTA",81,1241,98,31,2,2,5,3,3,2,4,2,0,0,0,1,43
"Aron Baynes","DET",81,1233,151,78,15,25,25,3,4,7,6,0,0,0,0,1,153
"Paul Pierce","LAC",68,1230,129,69,9,4,5,2,5,2,9,3,0,0,0,4,61
"Jeremy Lamb","CHA",66,1227,105,52,5,0,3,5,5,0,3,2,0,0,0,0,85
"Ronnie Price","PHX",62,1211,161,57,2,2,1,1,14,14,14,1,0,0,0,0,71
"Channing Frye","CLE",70,1199,127,67,1,11,12,1,6,0,5,0,0,0,0,2,64
"Norris Cole","NOP",45,1198,102,52,3,4,4,3,5,0,5,7,0,0,0,0,72
"Jason Smith","ORL",76,1181,163,85,9,13,21,2,8,6,6,2,0,0,0,1,78
"Omer Asik","NOP",68,1178,124,61,11,24,15,1,5,4,2,2,0,0,0,12,104
"D.J. Augustin","DEN",62,1178,85,41,7,5,5,1,14,3,1,9,0,0,0,0,135
"Jonas Jerebko","BOS",78,1177,137,65,15,6,6,4,11,2,11,1,0,0,0,2,71
"Noah Vonleh","POR",78,1174,152,65,17,8,17,2,1,0,5,1,0,0,0,3,48
"Blake Griffin","LAC",35,1170,95,35,5,17,10,3,7,5,4,8,0,0,0,2,184
"JaKarr Sampson","DEN",73,1160,142,68,10,2,3,8,4,0,4,5,0,0,0,0,84
"Mike Scott","ATL",75,1146,102,46,18,5,4,2,4,0,1,1,0,0,0,1,58
"Manu Ginobili","SAS",58,1134,99,28,4,5,4,2,19,4,5,5,0,0,0,0,138
"Archie Goodwin","PHX",57,1114,84,47,2,10,2,3,15,2,1,12,0,0,0,1,157
"Marcus Thornton","WAS",61,1108,90,42,7,2,1,4,3,0,1,0,0,0,0,0,57
"Aaron Brooks","CHI",69,1108,132,67,2,1,2,2,7,5,3,2,0,0,0,0,77
"Josh Richardson","MIA",52,1107,107,56,7,2,1,1,5,3,4,0,1,0,0,0,61
"Bobby Portis","CHI",62,1102,100,48,12,4,8,0,3,3,0,0,0,0,0,1,66
"Al Jefferson","CHA",47,1097,117,85,4,1,5,1,2,0,0,1,0,0,0,4,81
"Kevin Martin","SAS",55,1095,83,23,2,1,5,1,4,2,4,6,0,0,0,0,105
"Nene","WAS",57,1094,156,71,7,14,15,1,8,9,4,2,0,0,0,1,162
"O.J. Mayo","MIL",41,1090,126,51,3,2,8,1,8,2,8,0,0,0,0,2,45
"Leandro Barbosa","GSW",68,1079,107,37,3,4,9,0,7,1,3,0,0,0,0,0,65
"Nemanja Bjelica","MIN",60,1075,154,77,18,5,4,2,3,2,10,3,0,0,0,3,61
"TJ Warren","PHX",47,1070,94,54,4,4,1,4,4,0,1,6,0,0,0,2,64
"Eric Bledsoe","PHX",31,1059,75,27,5,3,4,5,10,6,3,14,0,0,0,2,149
"Shelvin Mack","UTA",52,1058,72,21,7,1,2,1,1,1,1,3,0,0,0,0,69
"Brandon Rush","GSW",72,1055,57,43,1,1,1,0,2,0,3,0,0,0,0,1,18
"Terrence Jones","HOU",50,1044,86,38,4,4,6,3,1,0,2,3,0,0,0,2,82
"Joffrey Lauvergne","DEN",59,1041,115,47,19,12,13,3,1,0,3,1,0,0,0,5,66
"Jameer Nelson","DEN",39,1036,100,45,8,2,1,1,7,6,7,3,0,0,0,0,54
"Spencer Hawes","CHA",57,1035,111,79,5,9,12,0,5,0,1,1,0,0,0,4,60
"Nick Young","LAL",54,1033,50,21,2,2,3,0,1,1,1,1,0,0,0,0,45
"Jarrett Jack","BKN",32,1027,77,27,3,0,1,3,5,3,4,5,0,0,0,1,83
"Vince Carter","MEM",60,1005,101,58,6,3,5,2,8,2,2,1,0,0,0,0,76
"Rashad Vaughn","MIL",70,1001,73,40,1,1,2,0,3,0,1,0,0,0,0,2,18
"Dwight Powell","DAL",69,992,118,52,16,10,6,3,9,1,7,1,0,0,0,2,116
"Steve Blake","DET",58,986,70,25,2,1,0,0,7,5,1,0,0,0,0,0,48
"Markel Brown","BKN",62,982,94,55,3,0,0,0,7,1,4,5,0,0,0,0,87
"Kyle Singler","OKC",68,977,120,67,7,4,4,0,5,1,1,0,0,0,0,0,43
"John Henson","MIL",57,959,131,68,12,4,7,1,4,0,4,1,0,0,0,7,85
"Chase Budinger","PHX",66,930,62,33,3,2,2,1,3,2,5,5,0,0,0,0,47
"Anthony Morrow","OKC",68,926,64,37,0,0,3,0,4,0,0,0,0,0,0,0,30
"James Johnson","TOR",57,926,84,36,3,4,4,1,0,4,3,1,0,0,0,0,54
"Thomas Robinson","BKN",71,916,111,51,8,14,7,2,2,3,1,1,0,0,0,2,90
"Sasha Vujacic","NYK",61,908,83,36,3,1,3,0,12,1,2,1,0,0,0,0,53
"David Lee","DAL",55,903,114,62,9,13,6,4,4,1,10,2,0,0,0,3,73
"Josh Smith","HOU",55,880,118,63,4,10,4,2,5,2,9,2,1,0,0,6,64
"Quincy Acy","SAC",59,876,103,52,5,17,4,1,5,8,2,1,0,0,0,1,75
"Miles Plumlee","MIL",61,870,73,39,5,9,6,2,1,2,6,1,0,0,0,2,54
"Marcelo Huertas","LAL",53,869,76,33,2,1,3,0,8,1,0,1,0,0,0,0,34
"Brandon Jennings","ORL",48,868,57,31,4,0,1,1,6,0,2,3,0,0,0,0,65
"Solomon Hill","IND",59,866,68,28,12,3,0,2,1,1,2,2,0,0,0,1,37
"Tim Hardaway Jr.","ATL",51,864,48,22,2,2,0,3,5,1,1,2,0,0,0,0,47
"Tyler Johnson","MIA",36,863,66,40,1,2,2,2,7,1,1,1,0,0,0,0,64
"Alexis Ajinca","NOP",59,861,134,62,13,10,12,1,7,1,9,2,0,0,0,4,66
"Johnny O'Bryant III","MIL",66,857,100,47,12,5,3,1,3,4,15,0,0,0,0,2,39
"Chris Johnson","UTA",70,857,100,39,6,3,1,2,2,0,3,3,1,0,0,0,29
"Luke Babbitt","NOP",47,845,90,42,9,2,3,3,3,0,2,3,0,0,0,0,48
"Kris Humphries","ATL",53,835,94,48,8,13,1,1,6,2,5,1,0,0,0,1,76
"Marreese Speights","GSW",72,832,117,55,6,5,13,2,15,7,6,5,0,0,0,2,114
"Andrew Nicholson","ORL",56,823,69,27,5,5,9,4,1,2,4,1,0,0,0,0,61
"Pablo Prigioni","LAC",59,823,82,20,2,1,2,1,7,4,5,0,0,0,0,0,32
"Jonathon Simmons","SAS",55,813,103,41,5,2,3,4,15,5,6,1,0,0,0,1,90
"Gary Neal","WAS",40,807,55,25,7,1,3,2,2,3,3,3,0,0,0,1,42
"Cole Aldrich","LAC",60,800,139,79,9,16,18,1,2,1,6,1,1,0,0,6,74
"Alec Burks","UTA",31,797,71,28,4,2,2,4,6,3,1,4,0,0,0,0,108
"DeMarre Carroll","TOR",26,786,63,28,3,3,2,0,6,0,3,2,1,0,0,0,45
"Justin Holiday","CHI",53,772,61,35,2,3,0,3,7,3,3,1,0,0,0,0,47
"Festus Ezeli","GSW",46,770,94,48,11,11,10,1,1,0,0,1,0,0,0,7,109
"Tyreke Evans","NOP",25,765,66,31,0,0,1,3,2,1,3,6,0,0,0,1,74
"Kyle O'Quinn","NYK",65,764,107,62,10,6,12,1,2,0,0,0,0,0,0,7,57
"Amar'e Stoudemire","MIA",52,762,92,49,12,11,5,1,2,2,2,0,0,0,0,6,74
"Mo Williams","CLE",41,748,60,25,3,0,3,1,6,1,1,1,0,0,0,0,39
"Tim Frazier","NOP",51,741,73,25,3,3,1,0,8,2,4,4,0,0,0,0,83
"Norman Powell","TOR",49,725,59,24,0,0,0,3,2,1,2,1,0,0,0,0,43
"James Anderson","SAC",51,721,54,35,1,1,2,2,2,0,0,5,0,0,0,0,29
"Tyler Zeller","BOS",60,710,97,50,9,11,8,0,7,3,4,4,0,0,0,1,93
"Beno Udrih","MIA",44,708,51,22,3,0,1,0,5,4,4,1,0,0,0,0,39
"Dewayne Dedmon","ORL",58,705,109,64,5,11,6,1,2,2,3,2,0,0,0,2,61
"Mike Dunleavy","CHI",31,703,66,34,7,4,0,0,2,5,2,0,0,0,0,0,34
"Richaun Holmes","PHI",51,702,92,59,10,5,5,0,5,0,3,2,0,0,0,4,65
"Nick Collison","OKC",59,699,107,52,12,5,6,1,4,14,8,0,0,0,0,2,42
"Cameron Payne","OKC",57,698,80,37,2,1,2,0,4,1,6,1,0,0,0,0,28
"Seth Curry","SAC",44,692,41,16,0,2,3,1,2,2,1,0,0,0,0,0,40
"Kelly Oubre Jr.","WAS",63,671,100,54,2,3,1,4,5,0,4,1,1,0,0,3,51
"Charlie Villanueva","DAL",62,665,71,43,5,3,4,3,0,2,5,0,0,0,0,0,16
"Jeff Withey","UTA",51,658,75,47,5,7,7,1,1,0,1,0,0,0,0,5,49
"C.J. Watson","ORL",33,656,49,29,0,0,2,1,1,2,2,3,0,0,0,0,40
"Tyler Ennis","MIL",46,654,64,31,1,2,1,0,2,2,1,0,0,0,0,0,36
"Justin Anderson","DAL",55,647,45,28,4,1,2,0,0,0,5,5,0,0,0,1,34
"Joakim Noah","CHI",29,635,77,38,8,9,4,0,1,1,0,0,0,0,0,4,43
"Andrea Bargnani","BKN",46,634,61,27,7,3,5,0,3,1,1,1,0,0,0,2,52
"Kirk Hinrich","ATL",46,631,64,28,0,1,0,2,6,6,2,1,1,0,0,0,33
"Sean Kilpatrick","BKN",31,616,37,19,0,0,4,2,5,0,3,1,0,0,0,0,52
"Rondae Hollis-Jefferson","BKN",29,615,61,35,1,3,4,0,6,0,0,0,0,0,0,0,47
"Shabazz Napier","ORL",55,600,38,17,0,0,1,2,4,0,0,0,0,0,0,0,47
"Anthony Brown","LAL",29,599,34,19,1,2,0,0,1,0,2,1,0,0,0,0,18
"Josh McRoberts","MIA",42,595,68,37,5,2,5,0,0,2,1,0,1,0,0,0,34
"Metta World Peace","LAL",35,590,67,23,3,5,3,0,3,0,1,0,0,0,0,0,41
"Tiago Splitter","ATL",36,580,71,37,5,6,5,2,2,1,4,0,0,0,0,1,46
"Ian Clark","GSW",66,578,58,28,1,2,2,0,1,0,1,0,0,0,0,0,22
"Tyus Jones","MIN",37,573,33,19,0,0,0,1,4,3,2,1,1,0,0,0,35
"Carl Landry","PHI",36,569,69,34,7,1,4,0,2,1,3,3,0,0,0,0,61
"Mike Muscala","ATL",60,565,72,48,2,6,2,1,4,1,4,0,0,0,0,1,35
"Kevin Garnett","MIN",38,556,70,28,1,1,8,0,4,1,0,0,0,0,0,1,26
"Jusuf Nurkic","DEN",32,547,91,49,4,17,12,3,7,0,2,3,0,0,0,4,92
"Donatas Motiejunas","HOU",37,547,69,25,3,3,2,2,7,10,11,0,0,0,0,1,66
"Kendrick Perkins","NOP",37,542,64,26,8,8,12,0,1,0,0,0,0,0,0,0,26
"Kevin Seraphin","NYK",48,526,67,47,5,0,8,0,2,0,1,0,0,0,0,1,20
"Glenn Robinson III","IND",45,508,21,14,1,2,0,0,1,0,2,2,0,0,0,1,35
"Boban Marjanovic","SAS",54,508,54,34,9,7,3,1,0,0,2,0,0,0,0,1,82
"Sonny Weems","PHI",43,498,47,19,0,2,1,0,3,0,2,0,0,0,0,0,16
"Tarik Black","LAL",39,496,78,41,9,6,5,0,3,1,2,0,0,0,0,1,37
"Anderson Varejao","GSW",53,496,70,36,4,7,4,0,11,1,7,1,0,0,0,0,64
"Adreian Payne","MIN",52,486,77,35,9,4,4,3,1,1,4,0,0,0,0,2,32
"John Jenkins","PHX",43,480,22,13,0,0,0,1,0,0,1,1,0,0,0,0,23
"Troy Daniels","CHA",43,476,40,27,1,1,0,0,0,0,0,0,0,0,0,0,11
"Ray McCallum","MEM",41,474,29,17,0,0,1,0,1,0,1,0,0,0,0,0,18
"Jason Thompson","TOR",47,471,80,39,11,4,4,2,1,0,1,2,0,0,0,0,38
"Brian Roberts","POR",51,470,35,23,0,1,1,1,5,0,2,4,0,0,0,0,49
"Ryan Kelly","LAL",36,470,39,24,2,2,2,1,3,2,0,1,0,0,0,1,44
"James Jones","CLE",48,463,50,20,3,2,4,0,2,3,0,0,0,0,0,0,26
"Andre Miller","SAS",39,461,46,12,2,0,1,0,4,0,1,0,0,0,0,0,28
"Greivis Vasquez","MIL",23,460,42,17,1,0,5,2,3,0,1,0,0,0,0,0,28
"Ryan Hollins","MEM",37,460,62,34,6,14,9,0,1,1,5,0,0,0,0,2,49
"JJ Hickson","WAS",35,436,47,18,7,5,5,0,0,0,0,1,0,0,0,2,63
"Rasual Butler","SAS",46,431,11,7,0,1,0,0,1,1,0,2,0,0,0,0,15
"Reggie Bullock","DET",37,429,29,16,0,1,1,2,3,0,0,0,0,0,0,0,15
"Willie Reed","BKN",39,426,47,26,7,12,3,0,4,8,1,0,0,0,0,0,63
"Jared Cunningham","MIL",44,410,41,20,1,1,0,4,7,4,1,0,0,0,0,0,46
"Chris Andersen","MEM",27,403,29,17,0,10,1,1,2,2,1,0,0,0,0,0,35
"Kendall Marshall","PHI",30,400,30,16,1,0,1,0,2,1,2,2,0,0,0,0,21
"Sergey Karasev","BKN",40,399,27,15,0,0,0,0,7,3,2,1,0,0,0,0,33
"Salah Mejri","DAL",34,397,54,32,4,7,4,0,6,0,4,2,0,0,0,3,44
"Lamar Patterson","ATL",35,395,45,24,1,3,0,0,2,1,1,0,0,0,0,0,23
"Joe Young","IND",41,383,30,12,0,0,1,2,0,1,1,1,0,0,0,0,26
"Darrun Hilliard","DET",38,383,28,13,0,0,1,2,2,0,0,0,0,0,0,0,29
"Jarell Martin","MEM",27,380,58,30,7,2,4,2,2,2,4,2,0,0,0,1,42
"Montrezl Harrell","HOU",39,379,48,29,3,3,1,1,1,2,3,0,0,0,0,1,32
"Mike Miller","DEN",46,373,53,26,2,1,4,0,1,0,2,0,0,0,0,0,6
"JaVale McGee","DAL",34,370,49,26,4,4,5,0,5,0,3,1,0,0,0,1,38
"Michael Beasley","HOU",20,363,39,23,1,0,0,2,1,1,2,0,0,0,0,2,32
"Chris McCullough","BKN",24,362,39,28,1,3,2,2,0,0,0,1,0,0,0,3,17
"Tyler Hansbrough","CHA",44,343,55,20,11,7,1,2,3,4,2,0,0,0,0,2,50
"James Ennis III","NOP",22,328,28,12,1,2,1,1,1,1,2,2,0,0,0,0,32
"Cristiano Felicio","CHI",31,321,31,14,5,2,0,2,1,0,2,1,0,0,0,1,22
"Robert Sacre","LAL",25,320,43,34,3,2,4,0,0,2,2,0,0,0,0,0,26
"RJ Hunter","BOS",36,314,29,14,0,0,1,1,1,1,1,1,0,0,0,0,10
"Terry Rozier","BOS",39,311,23,14,0,1,0,1,2,0,2,2,0,0,0,0,15
"Axel Toupane","DEN",21,305,40,19,1,0,0,0,2,0,5,1,0,0,0,0,13
"Drew Gooden","WAS",30,305,40,23,2,1,0,0,0,4,2,0,0,0,0,0,19
"Jordan Hamilton","NOP",11,304,24,16,0,3,0,0,1,0,0,2,0,0,0,0,18
"Kostas Papanikolaou","DEN",26,294,24,12,2,1,1,0,2,0,3,1,0,0,0,0,17
"Jordan Farmar","MEM",12,291,22,7,0,1,2,0,4,1,0,0,0,0,0,0,17
"Phil Pressey","PHX",23,283,28,10,0,0,0,1,1,0,6,2,0,0,0,0,21
"Bryce Dejean-Jones","NOP",14,279,17,7,1,2,0,0,2,0,0,0,0,0,0,0,18
"Damjan Rudez","MIN",33,277,33,13,0,0,2,1,0,0,1,0,0,0,0,1,6
"Henry Sims","BKN",14,263,37,19,4,3,3,0,0,0,2,0,0,0,0,0,21
"James Michael McAdoo","GSW",41,262,39,20,4,2,5,1,1,0,0,1,0,0,0,1,31
"Udonis Haslem","MIA",37,260,25,16,1,5,3,0,5,3,1,0,0,0,0,1,22
"Jeremy Evans","DAL",30,251,19,13,0,2,1,0,1,0,2,3,0,0,0,0,20
"Devyn Marble","ORL",28,249,25,14,0,0,0,0,1,1,2,1,0,0,0,0,17
"Xavier Munford","MEM",14,244,25,10,1,0,0,2,2,0,0,0,0,0,0,0,15
"KJ McDaniels","HOU",37,235,30,7,2,1,0,2,0,0,0,0,0,0,0,0,21
"Delon Wright","TOR",27,229,7,2,1,0,0,1,2,0,0,0,0,0,0,0,22
"Elton Brand","PHI",17,225,32,20,3,2,0,0,3,1,4,1,0,0,0,1,17
"Lucas Nogueira","TOR",29,225,29,12,1,0,3,0,0,0,2,0,0,0,0,1,11
"DeJuan Blair","WAS",29,218,53,25,4,3,8,0,2,3,2,0,0,0,0,0,20
"Brandan Wright","MEM",12,212,21,12,0,2,3,0,1,0,0,0,0,0,0,0,25
"Matt Bonner","SAS",30,206,16,8,2,0,0,0,0,0,1,0,0,0,0,0,5
"Michael Kidd-Gilchrist","CHA",7,205,9,4,0,3,1,0,0,0,2,0,0,0,0,0,22
"Lou Amundson","NYK",29,204,44,23,2,2,4,0,0,1,1,2,0,0,0,0,22
"James Young","BOS",29,199,17,9,0,0,1,1,1,0,1,1,0,0,0,0,3
"Jordan McRae","CLE",22,196,17,8,0,0,1,1,2,0,0,1,0,0,0,0,23
"Alan Anderson","WAS",13,192,25,12,0,0,0,0,0,0,0,0,0,0,0,0,11
"Greg Smith","MIN",18,192,28,17,3,2,0,0,2,0,0,1,0,0,0,0,14
"Caron Butler","SAC",17,176,19,11,2,2,0,0,0,0,0,0,0,0,0,0,9
"Elijah Millsap","UTA",20,173,33,10,2,1,1,0,2,0,2,1,0,0,0,0,15
"Briante Weber","MIA",7,169,12,7,0,1,0,0,0,1,1,0,0,0,0,0,8
"CJ Wilcox","LAC",23,167,15,6,0,0,0,0,2,0,0,0,0,0,0,0,13
"Spencer Dinwiddie","DET",12,159,20,11,0,0,0,0,4,0,0,1,0,0,0,0,31
"Damien Inglis","MIL",20,156,11,9,0,1,0,0,0,0,0,1,0,0,0,0,7
"Nikola Pekovic","MIN",12,156,22,5,3,2,4,0,0,0,0,1,0,0,0,1,17
"Chris Copeland","MIL",24,156,17,10,0,3,1,0,0,0,1,0,0,0,0,3,7
"Cleanthony Early","NYK",17,154,16,12,0,1,0,0,1,0,1,1,0,0,0,1,4
"Jarell Eddie","WAS",26,147,5,3,0,0,0,0,1,0,1,0,0,0,0,0,5
"Christian Wood","PHI",17,145,11,6,0,3,0,1,1,0,0,2,0,0,0,0,20
"Tony Wroten","PHI",8,144,11,2,1,0,1,3,0,0,0,2,0,0,0,0,24
"Pat Connaughton","POR",34,143,6,4,0,1,0,0,0,0,0,1,0,0,0,0,5
"Chris Kaman","POR",16,112,15,7,1,1,1,0,0,0,0,0,0,0,0,0,3
"Jeff Ayres","LAC",17,107,18,9,1,0,5,0,1,0,0,0,0,0,0,0,7
"Cameron Bairstow","CHI",18,103,19,12,3,0,0,1,1,0,1,0,0,0,0,0,6
"Orlando Johnson","NOP",7,102,9,6,0,0,0,0,0,0,1,1,1,0,0,1,6
"Joel Anthony","DET",19,96,15,9,2,0,1,0,0,0,0,0,0,0,0,0,6
"Sasha Kaun","CLE",25,95,11,8,0,1,1,0,0,0,0,0,0,0,0,0,6
"Aaron Harrison","CHA",21,93,10,7,1,0,0,0,1,1,0,0,0,0,0,0,8
"Anthony Bennett","TOR",19,84,8,6,0,0,1,0,0,0,0,1,0,0,0,0,5
"Tibor Pleiss","UTA",12,82,19,11,0,0,3,0,0,0,0,0,0,0,0,1,1
"Edy Tavares","ATL",11,73,8,5,1,0,0,0,0,0,0,0,0,0,0,0,4
"Mitch McGary","OKC",20,72,10,6,2,0,0,0,0,0,0,1,0,0,0,0,6
"Alex Stepheson","MEM",8,72,12,8,2,0,0,0,0,0,0,0,0,0,0,0,8
"Alan Williams","PHX",10,68,15,8,2,2,3,1,0,0,1,0,0,0,0,0,12
"Russ Smith","MEM",15,66,5,1,0,0,0,0,1,0,0,0,0,0,0,0,8
"Jorge Gutierrez","CHA",12,63,3,0,0,0,0,0,0,1,0,0,1,0,0,0,10
"Lorenzo Brown","PHX",8,61,4,1,0,0,1,1,0,0,0,0,0,0,0,0,3
"Jordan Mickey","BOS",16,57,5,3,0,0,0,0,0,0,1,0,0,0,0,0,6
"Josh Huestis","OKC",5,55,3,1,0,0,0,0,0,0,0,0,0,0,0,0,2
"Cory Jefferson","PHX",7,50,8,2,0,0,0,0,1,0,1,1,0,0,0,0,4
"Andrew Goudelock","HOU",8,50,4,1,0,0,0,0,1,0,0,0,0,0,0,0,3
"Eric Moreland","SAC",8,48,4,1,2,2,0,0,0,0,0,0,0,0,0,0,3
"Elliot Williams","MEM",5,45,2,1,0,0,0,0,0,0,0,0,0,0,0,0,5
"Steve Novak","MIL",10,44,3,2,0,0,0,0,0,0,0,0,0,0,0,0,2
"Jodie Meeks","DET",3,43,2,0,0,0,0,0,0,0,0,0,0,0,0,0,2
"Bruno Caboclo","TOR",6,43,2,0,0,0,0,0,0,0,0,0,0,0,0,1,0
"Dahntay Jones","CLE",1,42,6,4,0,0,0,0,1,0,0,0,0,0,0,0,1
"Erick Green","UTA",9,42,4,4,0,0,0,0,0,0,0,0,0,0,0,0,2
"Luis Montero","POR",12,42,1,0,0,0,0,0,0,0,0,0,0,0,0,0,3
"Shayne Whittington","IND",7,41,7,4,0,0,1,0,1,0,0,0,0,0,0,0,2
"Bryce Cotton","MEM",8,39,2,2,0,0,0,0,0,0,0,0,0,0,0,0,0
"Cliff Alexander","POR",8,36,1,1,0,0,0,0,0,0,0,0,0,0,0,0,0
"Justin Harper","DET",5,35,3,2,0,0,0,0,0,0,0,0,0,0,0,0,1
"Branden Dawson","LAC",6,29,2,2,0,0,0,0,0,0,0,0,0,0,0,0,1
"Keith Appling","ORL",5,27,5,2,0,0,0,0,0,0,0,0,0,0,0,0,2
"Duje Dukan","SAC",1,24,2,2,0,0,0,0,0,0,0,0,0,0,0,0,0
"Chuck Hayes","HOU",2,24,6,3,0,0,1,0,0,0,1,1,0,0,0,0,1
"Nate Robinson","NOP",2,23,5,1,0,0,0,0,0,0,0,0,0,0,0,0,0
"Kevon Looney","GSW",5,21,2,2,0,0,0,0,0,0,0,0,0,0,0,0,0
"Nazr Mohammed","OKC",5,19,4,2,0,0,0,0,0,0,0,0,0,0,0,0,1
"Jarnell Stokes","MIA",7,19,1,1,0,0,0,0,0,0,0,0,0,0,0,0,1
"Jimmer Fredette","NYK",6,18,2,2,0,0,0,0,0,0,0,0,0,0,0,0,2
"Joe Harris","CLE",5,15,1,0,0,0,0,0,0,0,0,0,0,0,0,0,0
"Jordan Adams","MEM",2,15,2,0,0,0,0,0,0,0,0,0,0,0,0,0,2
"JJ O'Brien","UTA",2,6,1,1,0,0,0,0,0,0,0,0,0,0,0,0,0
"Thanasis Antetokounmpo","NYK",2,6,2,1,0,0,0,0,0,0,0,0,0,0,0,0,0
"Sam Dekker","HOU",3,6,0,0,0,0,0,0,0,0,0,0,0,0,0,0,0
"Rakeem Christmas","IND",1,6,1,1,0,0,0,0,0,0,0,0,0,0,0,0,0
"Coty Clarke","BOS",3,6,0,0,0,0,0,0,0,0,0,0,0,0,0,0,0